date,name,count
2019-06-13,https://app.graphitedocs.com,8619
2019-06-13,https://xordrive.io,3321
2019-06-13,https://www.stealthy.im,3272
2019-06-13,https://app.recall.photos,2082
2019-06-13,https://app.travelstack.club,1705
2019-06-13,https://app.afari.io,1384
2019-06-13,https://kit.st,1154
2019-06-13,https://app.forms.id,958
2019-06-13,https://www.chat.hihermes.co,947
2019-06-13,https://app.dappywallet.com,865
2019-06-13,https://dpage.io,803
2019-06-13,https://app.sigle.io,783
2019-06-13,https://app.dmail.online,762
2019-06-13,https://app.misthos.io,739
2019-06-13,https://bitpatron.co,716
2019-06-13,https://chat.postly.co,713
2019-06-13,https://landr.me,566
2019-06-13,https://app.decs.xyz,550
2019-06-13,https://airtext.xyz,548
2019-06-13,https://blockusign.co,511
2019-06-13,https://app.pden.xyz,510
2019-06-13,https://xorbrowser.com,458
2019-06-13,https://publishing.graphitedocs.com,414
2019-06-13,https://animalkingdoms.netlify.com,382
2019-06-13,https://debutapp.social,367
2019-06-13,https://dapp.cryptocracy.io,356
2019-06-13,https://blockslack.io,346
2019-06-13,https://www.agorashops.net,313
2019-06-13,https://aodh.xyz,304
2019-06-13,https://cineflick.herokuapp.com,279
2019-06-13,https://chat.openintents.org,246
2019-06-13,https://paid.co,237
2019-06-13,https://cal.openintents.org,217
2019-06-13,https://sad-beaver-fdf6b1.netlify.com,216
2019-06-13,https://blkbreakout.herokuapp.com,206
2019-06-13,https://humans.name,200
2019-06-13,https://testnet.misthos.io,193
2019-06-13,https://radicle.art,158
2019-06-13,https://yournote.app,153
2019-06-13,https://www.locallightning.net,151
2019-06-13,https://fupio.com,151
2019-06-13,https://www.scannieapp.com,136
2019-06-13,https://cafe-society.news,132
2019-06-13,http://publik.ykliao.com,132
2019-06-13,https://decentus.com,128
2019-06-13,https://oi-timesheet.com,122
2019-06-13,https://beta.springrole.com,120
2019-06-13,https://app.mylens.io,106
2019-06-13,https://banter.pub,97
2019-06-13,https://latticenow.co,88
2019-06-13,https://app.blockcred.io,83
2019-06-13,https://friendlink.netlify.com,81
2019-06-13,http://fupio.com,80
2019-06-13,https://bitcamp.blockboardapp.com,68
2019-06-13,https://youthful-spence-bbda8a.netlify.com,68
2019-06-13,https://concord.z19.web.core.windows.net,62
2019-06-13,https://chae.sh,58
2019-06-13,https://web.composenotes.com,57
2019-06-13,https://agaze.co,56
2019-06-13,https://mysterycommand.github.io,54
2019-06-13,https://pgeon.com,51
2019-06-13,https://timski.org:444,51
2019-06-13,https://beta.huddle.group,51
2019-06-13,https://justsnake.live,50
2019-06-13,https://peaceful-mirzakhani-b5f196.netlify.com,49
2019-06-13,https://ourtopia.co,48
2019-06-13,https://blocknote.xyz,45
2019-06-13,https://publik.test-blockstack.com,39
2019-06-13,https://blackhole.run,38
2019-06-13,https://cafe-society.netlify.com,38
2019-06-13,https://blockx-socialapp.herokuapp.com,37
2019-06-13,https://lettermesh.com,36
2019-06-13,https://app.bcnet.io,36
2019-06-13,https://cineflick.net,35
2019-06-13,http://app.graphitedocs.com,35
2019-06-13,https://dappcrosscheck.paradigma.global,34
2019-06-13,https://remark.cryptocracy.io,34
2019-06-13,https://proofs.tech,34
2019-06-13,https://dhcs.netlify.com,33
2019-06-13,https://lannister.capital,31
2019-06-13,https://stupefied-poincare-e5cfbc.netlify.com,31
2019-06-13,https://alpha.qulstamp.com,27
2019-06-13,http://127.0.0.1:8080,25
2019-06-13,https://www.dmyblog.co,25
2019-06-13,https://milacrm.com,24
2019-06-13,https://serene-hamilton-56e88e.netlify.com,24
2019-06-13,https://pocbp.azurewebsites.net,22
2019-06-13,http://185.85.16.242:8001,21
2019-06-13,https://www.myblockspace.com,19
2019-06-13,https://priceless-raman-53e2a8.netlify.com,19
2019-06-13,https://gekri.com,19
2019-06-13,https://www.web.stealthy.im,19
2019-06-13,http://127.0.0.1:3000,19
2019-06-13,https://bentensound.com,19
2019-06-13,https://friendly-hoover-6d2b94.netlify.com,18
2019-06-13,https://staging.banter.pub,17
2019-06-13,https://testnet.dmail.online,16
2019-06-13,https://matrix.openintents.org,16
2019-06-13,https://pedantic-mahavira-f15d04.netlify.com,15
2019-06-13,https://demo.blockcred.io,15
2019-06-13,https://piklink.netlify.com,15
2019-06-13,https://micasaestucasa.me,14
2019-06-13,https://keeperprofiles.appspot.com,14
2019-06-13,https://wmtp.bitbucket.io,13
2019-06-13,https://blockstackboard.org,13
2019-06-13,https://staging.misthos.io,13
2019-06-13,https://ares.hankstoever.com,13
2019-06-13,https://payday.now.sh,13
2019-06-13,https://kit.now.sh,12
2019-06-13,https://sketch.riot.ai,12
2019-06-13,https://blockchatapp.herokuapp.com,12
2019-06-13,https://planet.friedger.de,12
2019-06-13,https://www.dhcs.live,11
2019-06-13,https://dfmapp.com,11
2019-06-13,http://awesome-northcutt-afeef6.netlify.com,11
2019-06-13,https://animal-kingdom-1.firebaseapp.com,10
2019-06-13,https://detacts.ga,10
2019-06-13,https://www.app.referenda.io,10
2019-06-13,https://awesome-northcutt-afeef6.netlify.com,10
2019-06-13,https://decentralised-islands.netlify.com,9
2019-06-13,http://dcms.brightblock.org,9
2019-06-13,https://whenhub-blockstack-oauth.azurewebsites.net,9
2019-06-13,https://dev.decs.xyz,9
2019-06-13,https://block.lawli.io,9
2019-06-13,https://18.222.91.187:8002,9
2019-06-13,http://blockx-socialapp.herokuapp.com,9
2019-06-13,https://sheety.app,8
2019-06-13,https://tribe-chat.herokuapp.com,8
2019-06-13,https://rtasks.app,8
2019-06-13,https://keeperprofiles.com,8
2019-06-13,https://gaia_admin.brightblock.org,8
2019-06-13,https://4ork.netlify.com,8
2019-06-13,https://octokitties-cc0b2.firebaseapp.com,8
2019-06-13,https://gallant-sinoussi-734e73.netlify.com,8
2019-06-13,https://staging.transit8.com,8
2019-06-13,https://bitcoin4photos.net,8
2019-06-13,https://www.sybella.io,8
2019-06-13,https://www.justsnake.live,7
2019-06-13,https://zen-thompson-59a12f.netlify.com,7
2019-06-13,https://festive-bhabha-7e881b.netlify.com,7
2019-06-13,https://blockstack-ump.herokuapp.com,7
2019-06-13,https://staging-publishing.graphitedocs.com,7
2019-06-13,https://blockusign.azurewebsites.net,7
2019-06-13,https://amazing-bell-39b882.netlify.com,7
2019-06-13,https://shaieste.gitlab.io/,7
2019-06-13,https://www.mindtalk.app,6
2019-06-13,http://18.188.34.104,6
2019-06-13,https://www.textlibrary.co,6
2019-06-13,http://keeperprofiles.appspot.com,6
2019-06-13,http://proto.galanimail.org,6
2019-06-13,http://blkbreakout.herokuapp.com,6
2019-06-13,https://www.sentify.org,6
2019-06-13,https://quizzical-heisenberg-d3c37c.netlify.com,6
2019-06-13,https://lattice.centralindia.cloudapp.azure.com,6
2019-06-13,https://beta-dev.springrole.com,6
2019-06-13,https://stage.coins.engineering,6
2019-06-13,https://transit8.com,6
2019-06-13,https://envelop.app,6
2019-06-13,https://flamboyant-darwin-d11c17.netlify.com,6
2019-06-13,http://www.stealthy.im,6
2019-06-13,https://publish-dev.aws.mbusa.com,5
2019-06-13,https://drelloapp.com,5
2019-06-13,https://www.keeperprofiles.com,5
2019-06-13,https://paidapp.paid.now.sh,5
2019-06-13,https://animalskingdoms.netlify.com,5
2019-06-13,https://chat.hihermes.co,5
2019-06-13,https://cryptocracy-sandbox-001.netlify.com,5
2019-06-13,https://properpass.top,5
2019-06-13,https://streetcoin.nz,5
2019-06-13,https://banter-radiks-staging-pr-26.herokuapp.com,5
2019-06-13,https://www.transit8.com,5
2019-06-13,https://www.ourtopia.co,5
2019-06-13,https://dshare-blockstack.herokuapp.com,5
2019-06-13,http://sybella.io,5
2019-06-13,https://friendly-noether-b006cc.netlify.com,5
2019-06-13,https://www.brightblock.org,5
2019-06-13,https://condescending-fermat-e43740.netlify.com,5
2019-06-13,https://cocky-spence-96f8bc.netlify.com,5
2019-06-13,https://dhasdk.bitbucket.io,5
2019-06-13,https://eats-money-do-not-use.netlify.com,5
2019-06-13,http://www.chat.hihermes.co,5
2019-06-13,https://kanstack.herokuapp.com,5
2019-06-13,http://publish1-dev.aws.mbusa.com:4503,4
2019-06-13,https://cocky-montalcini-e9b713.netlify.com,4
2019-06-13,https://pressure.carolkng.com,4
2019-06-13,https://heywebby.app,4
2019-06-13,http://app.travelstack.club,4
2019-06-13,https://alpha.clove.app,4
2019-06-13,https://latticeblockstack.z29.web.core.windows.net,4
2019-06-13,http://127.0.0.1:4200,4
2019-06-13,https://quizzical-hamilton-c15107.netlify.com,4
2019-06-13,https://competent-pare-326e43.netlify.com,4
2019-06-13,http://dapp.crosscheck.paradigma.global:3000,4
2019-06-13,https://stackarius.cogarius.com,4
2019-06-13,http://9ae885fd.ngrok.io,4
2019-06-13,https://mystifying-montalcini-5975b6.netlify.com,4
2019-06-13,http://coet.coeus-solutions.de,4
2019-06-13,https://staging--objective-wiles-65a1ef.netlify.com,4
2019-06-13,https://animalkingdome.netlify.com,4
2019-06-13,http://postly.ngrok.io,4
2019-06-13,https://replay.cryptocracy.io,4
2019-06-13,https://brightblock.org,4
2019-06-13,http://blockstack-hires.wbobeirne.com,4
2019-06-13,http://34d0c4f2.ngrok.io,4
2019-06-13,https://d.anish.io,4
2019-06-13,https://cryptocracy-wallet-debug.netlify.com,4
2019-06-13,http://dev.qulstamp.com,4
2019-06-13,https://stackarius.blocklistener.com,4
2019-06-13,https://clipbox.in-progress.com,4
2019-06-13,https://frosty-dijkstra-f55a54.netlify.com,4
2019-06-13,http://decinnov.com:8080,4
2019-06-13,https://priceless-thompson-9fca9e.netlify.com,4
2019-06-13,https://blockusign-test.azurewebsites.net,4
2019-06-13,https://tt.bitpatron.co,3
2019-06-13,https://musing-rosalind-a655ba.netlify.com,3
2019-06-13,https://graphite--infallible-williams-866040.netlify.com,3
2019-06-13,https://skillwallet.z29.web.core.windows.net,3
2019-06-13,https://www.notit.org,3
2019-06-13,https://test.misthos.io,3
2019-06-13,https://staging.brightblock.org,3
2019-06-13,https://animalkingdom5th.netlify.com,3
2019-06-13,https://staging.graphitedocs.com,3
2019-06-13,https://develop--hungry-lamarr-cfbb1a.netlify.com,3
2019-06-13,https://gracious-elion-08d8b6.netlify.com,3
2019-06-13,https://musing-jennings-9a8c76.netlify.com,3
2019-06-13,https://decentralized-contacts.herokuapp.com,3
2019-06-13,https://boring-ptolemy-819fbc.netlify.com,3
2019-06-13,http://f7da0bf0.ngrok.io,3
2019-06-13,https://friendly-almeida-fc7ff8.netlify.com,3
2019-06-13,https://deploy-preview-23--stoic-pare-596843.netlify.com,3
2019-06-13,https://nifty-edison-be7f52.netlify.com,3
2019-06-13,https://beta.sigle.io,3
2019-06-13,http://178.79.138.62,3
2019-06-13,http://127.0.0.1:8080/,3
2019-06-13,https://notelayout2--infallible-williams-866040.netlify.com,3
2019-06-13,https://banter-radiks-staging-pr-41.herokuapp.com,3
2019-06-13,https://61d7a65a.ngrok.io,3
2019-06-13,http://8092dc36.ngrok.io,3
2019-06-13,https://animal-kingdom.djnicholson.com,3
2019-06-13,https://jovial-almeida-f5569d.netlify.com,3
2019-06-13,https://hungry-wilson-249b01.netlify.com,3
2019-06-13,https://5aa4d1c1.ngrok.io,3
2019-06-13,https://epic-murdock-ed407f.netlify.com,3
2019-06-13,http://127.0.0.1,3
2019-06-13,https://upbeat-williams-577db4.netlify.com,3
2019-06-13,http://fe1520fc.ngrok.io,3
2019-06-13,http://5710a1b6.ngrok.io,3
2019-06-13,https://amazing-austin-21f33f.netlify.com,3
2019-06-13,http://39e26b5b.ngrok.io,3
2019-06-13,https://nervous-johnson-e8758f.netlify.com,3
2019-06-13,https://hopeful-mcclintock-559a85.netlify.com,3
2019-06-13,http://e1bbab95.ngrok.io,3
2019-06-13,http://127.0.0.1:4000,3
2019-06-13,https://stage.unpublished.app,3
2019-06-13,http://www.brightblock.org,3
2019-06-13,https://wonderful-benz-f442d5.netlify.com,3
2019-06-13,https://awesome-wiles-d23b46.netlify.com,3
2019-06-13,https://vac-acc-ehr-patient.netlify.com,3
2019-06-13,http://f60a6811.ngrok.io,3
2019-06-13,https://elastic-yalow-5d7c5a.netlify.com,3
2019-06-13,https://deploy-preview-37--stoic-pare-596843.netlify.com,3
2019-06-13,https://b4pwebdev.azurewebsites.net,3
2019-06-13,http://10.196.105.155:8080,3
2019-06-13,https://valsanimalkingdom.netlify.com,3
2019-06-13,https://gallant-volhard-0ab9bf.netlify.com,3
2019-06-13,https://jovial-ramanujan-1596f4.netlify.com,3
2019-06-13,http://906bddb9.ngrok.io,3
2019-06-13,https://zen-poincare-743126.netlify.com,3
2019-06-13,http://127.0.0.1:5000,3
2019-06-13,https://mystifying-bardeen-983642.netlify.com,3
2019-06-13,http://www.keeperprofiles.appspot.com,3
2019-06-13,https://serene-golick-e5bb4e.netlify.com,3
2019-06-13,http://todos.local:8080,3
2019-06-13,https://practical-fermat-f46a63.netlify.com,3
2019-06-13,https://quirky-booth-4cee6d.netlify.com,3
2019-06-13,https://reverent-newton-f66a3f.netlify.com,3
2019-06-13,https://eager-snyder-3ee638.netlify.com,3
2019-06-13,https://blackhole.run/,3
2019-06-13,https://test.forms.id,3
2019-06-13,https://hopeful-kirch-f5a0ce.netlify.com,3
2019-06-13,https://angry-murdock-a2700c.netlify.com,3
2019-06-13,https://vigilant-goldberg-43a99e.netlify.com,3
2019-06-13,https://192.168.0.10:8080,3
2019-06-13,https://sad-wilson-2f844e.netlify.com,3
2019-06-13,https://musing-joliot-453693.netlify.com,3
2019-06-13,https://practical-joliot-6c77e0.netlify.com,3
2019-06-13,https://hungry-wiles-ddb112.netlify.com,3
2019-06-13,https://pensive-tereshkova-29c564.netlify.com,3
2019-06-13,https://blissful-hodgkin-6062b1.netlify.com,3
2019-06-13,https://blockstack-app.firebaseapp.com,3
2019-06-13,https://condescending-colden-8494ff.netlify.com,2
2019-06-13,http://192.168.1.29:8080,2
2019-06-13,http://10.200.200.43:8080,2
2019-06-13,http://10.195.28.143:8080,2
2019-06-13,https://usecoinsappco-jtyoqpbkny.now.sh,2
2019-06-13,https://rune.norderhaug.name,2
2019-06-13,https://deploy-preview-27--stoic-pare-596843.netlify.com,2
2019-06-13,http://139.59.33.95,2
2019-06-13,https://sharp-jones-174451.netlify.com,2
2019-06-13,http://167.99.13.2,2
2019-06-13,http://pineal.lh,2
2019-06-13,https://deploy-preview-17--priceless-raman-53e2a8.netlify.com,2
2019-06-13,https://eloquent-blackwell-85f70c.netlify.com,2
2019-06-13,https://my1stblckapp.netlify.com,2
2019-06-13,https://wizardly-wiles-125c49.netlify.com,2
2019-06-13,https://sad-albattani-b59b7a.netlify.com,2
2019-06-13,https://zewail.blockcred.io,2
2019-06-13,https://w3b3-26bcfc.netlify.com,2
2019-06-13,https://epic-yalow-f35449.netlify.com,2
2019-06-13,http://66.155.106.108:8082,2
2019-06-13,https://goofy-wiles-965268.netlify.com,2
2019-06-13,https://deploy-preview-22--stoic-pare-596843.netlify.com,2
2019-06-13,https://eager-boyd-c9beb0.netlify.com,2
2019-06-13,https://quirky-mcnulty-bc977b.netlify.com,2
2019-06-13,https://pedantic-mahavira-f15d04.netlify.com/,2
2019-06-13,http://mypublickey.ngrok.io,2
2019-06-13,https://dappform.takectrl.io,2
2019-06-13,https://optimistic-wing-7a17ab.netlify.com,2
2019-06-13,https://awesome-goldberg-dfb7f2.netlify.com,2
2019-06-13,http://humans.name,2
2019-06-13,https://gracious-newton-ea74fd.netlify.com,2
2019-06-13,https://unruffled-jennings-f51797.netlify.com,2
2019-06-13,https://musing-mcclintock-2e6e1a.netlify.com,2
2019-06-13,https://www.lettermesh.com,2
2019-06-13,http://galanimail.org,2
2019-06-13,http://chat.hihermes.co,2
2019-06-13,https://trove-web.netlify.com,2
2019-06-13,http://35.231.45.59:1900,2
2019-06-13,http://blockchatapp.herokuapp.com,2
2019-06-13,https://hardcore-mcclintock-a6dc09.netlify.com,2
2019-06-13,https://elated-tereshkova-5fecd7.netlify.com,2
2019-06-13,https://hopeful-lamport-75d72a.netlify.com,2
2019-06-13,https://www.openartmart.org,2
2019-06-13,https://practical-stallman-b41995.netlify.com,2
2019-06-13,https://dapp.crosscheck.paradigma.global,2
2019-06-13,https://elegant-mestorf-759375.netlify.com,2
2019-06-13,https://602a09f7.ngrok.io,2
2019-06-13,https://nervous-bardeen-84fa52.netlify.com,2
2019-06-13,https://www.your-abode.com,2
2019-06-13,https://galanimail-d637d.firebaseapp.com,2
2019-06-13,https://adoring-hamilton-e4d10d.netlify.com,2
2019-06-13,https://priceless-wilson-8e57b1.netlify.com,2
2019-06-13,http://d8c6dc22.ngrok.io,2
2019-06-13,https://stoic-pare-596843.netlify.com,2
2019-06-13,https://tender-darwin-76d1ac.netlify.com,2
2019-06-13,http://192.168.1.21:5000,2
2019-06-13,https://9c02d0a7.ngrok.io,2
2019-06-13,https://banter-radiks-staging-pr-60.herokuapp.com,2
2019-06-13,https://5cb777278b452d01829a86d8--stoic-pare-596843.netlify.com,2
2019-06-13,https://naughty-williams-f3fae0.netlify.com,2
2019-06-13,https://trusting-haibt-e87237.netlify.com,2
2019-06-13,https://inspiring-goldwasser-7a68cd.netlify.com,2
2019-06-13,https://compassionate-heyrovsky-c539c0.netlify.com,2
2019-06-13,https://frosty-leakey-8a24d2.netlify.com,2
2019-06-13,https://priceless-noyce-5b2a91.netlify.com,2
2019-06-13,https://sso.organicdesign.nz,2
2019-06-13,https://eloquent-kepler-13171c.netlify.com,2
2019-06-13,https://eager-galileo-36deaa.netlify.com,2
2019-06-13,https://testing--w3b3-26bcfc.netlify.com,2
2019-06-13,https://5c92e652079b1078e7b2565d--festive-pike-1dba0c.netlify.com,2
2019-06-13,http://04a0d7da.ngrok.io,2
2019-06-13,https://029e9df7.ngrok.io,2
2019-06-13,https://silly-joliot-e3dbed.netlify.com,2
2019-06-13,http://cineflick.herokuapp.com,2
2019-06-13,https://youthful-snyder-19f045.netlify.com,2
2019-06-13,https://profiles-228206.appspot.com,2
2019-06-13,https://dapp.crosscheck.paradigma.global:3000,2
2019-06-13,https://testing.unpublished.app,2
2019-06-13,http://53f5aebc.ngrok.io,2
2019-06-13,https://arnkoh.bitbucket.io,2
2019-06-13,https://wonderful-noyce-e06ea4.netlify.com,2
2019-06-13,https://trusting-stonebraker-af1ebc.netlify.com,2
2019-06-13,https://cafe-society-test.netlify.com,2
2019-06-13,https://test.stealthy.im,2
2019-06-13,https://ovum.io,2
2019-06-13,http://www.stealthy.im.s3-website-us-west-2.amazonaws.com,2
2019-06-13,https://sov.organicdesign.co.nz,2
2019-06-13,http://keeperprofiles.com,2
2019-06-13,https://5d00e9d27e46a1c24b27ea79--gekri.netlify.com,2
2019-06-13,https://festive-minsky-399ea0.netlify.com,2
2019-06-13,http://57c5cdf7.ngrok.io,2
2019-06-13,https://dreamy-goodall-c39a39.netlify.com,2
2019-06-13,https://eager-goodall-d3f5e2.netlify.com,2
2019-06-13,https://deploy-preview-19--stoic-pare-596843.netlify.com,2
2019-06-13,https://openartmart.org,2
2019-06-13,https://mam-local.brightblock.org,2
2019-06-13,https://dcms.brightblock.org,2
2019-06-13,https://hungry-pike-6e2577.netlify.com,2
2019-06-13,https://38f3b0b7.ngrok.io,2
2019-06-13,https://dazzling-ptolemy-1e1411.netlify.com,2
2019-06-13,https://person8.in-progress.com,2
2019-06-13,https://festive-benz-709427.netlify.com,2
2019-06-13,https://deploy-preview-52--stoic-pare-596843.netlify.com,2
2019-06-13,https://mystifying-hugle-0685a9.netlify.com,2
2019-06-13,https://deploy-preview-35--stoic-pare-596843.netlify.com,2
2019-06-13,https://affectionate-kilby-515d7c.netlify.com,2
2019-06-13,https://cranky-bohr-e74e2c.netlify.com,2
2019-06-13,https://friendly-goldwasser-192893.netlify.com,2
2019-06-13,https://04a5f1dc.ngrok.io,2
2019-06-13,https://21edd90b.ngrok.io,2
2019-06-13,https://brave-agnesi-fc7d2b.netlify.com,2
2019-06-13,https://lljripx.000webhostapp.com,2
2019-06-13,https://thirsty-kepler-7d0fbe.netlify.com,2
2019-06-13,https://confident-curran-bc4f99.netlify.com,2
2019-06-13,https://distracted-saha-09847b.netlify.com,2
2019-06-13,https://zealous-nightingale-8d6b51.netlify.com,2
2019-06-13,https://dcms-local.brightblock.org,2
2019-06-13,https://silly-easley-34c111.netlify.com,2
2019-06-13,https://wizardly-saha-6e58a2.netlify.com,2
2019-06-13,https://naughty-euclid-5ef4db.netlify.com,2
2019-06-13,https://awesome-allen-b964c2.netlify.com,2
2019-06-13,https://jovial-boyd-7f5f10.netlify.com,2
2019-06-13,https://heuristic-villani-a61306.netlify.com,2
2019-06-13,https://pensive-swirles-b2da89.netlify.com,2
2019-06-13,https://eager-shockley-ad2a35.netlify.com,2
2019-06-13,https://ab1d3593.ngrok.io,2
2019-06-13,https://goofy-fermi-447c0b.netlify.com,2
2019-06-13,https://scoge.co,2
2019-06-13,https://kind-hermann-d712d6.netlify.com,2
2019-06-13,https://flamboyant-beaver-c71164.netlify.com,2
2019-06-13,https://pensive-raman-fd2bbf.netlify.com,2
2019-06-13,https://5c6ec12b8abdc00008f8287d--upbeat-wing-158214.netlify.com,2
2019-06-13,https://banter-radiks-staging-pr-24.herokuapp.com,2
2019-06-13,https://xenodochial-goldberg-1bc549.netlify.com,2
2019-06-13,https://suspicious-shockley-b6d288.netlify.com,2
2019-06-13,https://determined-hoover-e3a87a.netlify.com,2
2019-06-13,https://musing-allen-c4cbd0.netlify.com,2
2019-06-13,https://raquels-animal-kingdom.netlify.com,2
2019-06-13,https://hopeful-blackwell-a3f249.netlify.com,2
2019-06-13,https://cryptographicapps.com,2
2019-06-13,https://deploy-preview-25--stoic-pare-596843.netlify.com,2
2019-06-13,https://deploy-preview-26--stoic-pare-596843.netlify.com,2
2019-06-13,https://cocky-heyrovsky-d586ee.netlify.com,2
2019-06-13,https://pre-kingdom-336989.netlify.com,2
2019-06-13,http://www.sybella.io,2
2019-06-13,https://practical-wozniak-8d76bd.netlify.com,2
2019-06-13,https://trusting-mcnulty-014bea.netlify.com,2
2019-06-13,https://stoic-raman-89864e.netlify.com,2
2019-06-13,https://relaxed-ptolemy-1e8668.netlify.com,2
2019-06-13,https://nervous-nightingale-8054b6.netlify.com,2
2019-06-13,https://competent-ramanujan-21dc0b.netlify.com,2
2019-06-13,https://gallant-feynman-7d2107.netlify.com,2
2019-06-13,https://www.milacrm.com,2
2019-06-13,https://rorysanimalkingdoms.netlify.com,2
2019-06-13,https://naughty-bhaskara-17b05c.netlify.com,2
2019-06-13,https://brave-torvalds-530c16.netlify.com,2
2019-06-13,https://suspicious-heisenberg-ef115b.netlify.com,2
2019-06-13,https://animal-kingdom.netlify.com,2
2019-06-13,https://stupefied-shannon-286386.netlify.com,2
2019-06-13,https://blissful-poitras-112429.netlify.com,2
2019-06-13,https://youthful-leavitt-0418c0.netlify.com,2
2019-06-13,https://upbeat-mccarthy-43697d.netlify.com,2
2019-06-13,https://wizardly-roentgen-791914.netlify.com,2
2019-06-13,https://gallant-lewin-0565e3.netlify.com,2
2019-06-13,https://sn-animal-kingdom.netlify.com,2
2019-06-13,https://focused-keller-6ed5ac.netlify.com,2
2019-06-13,https://keen-fermi-c1e5f3.netlify.com,2
2019-06-13,http://192.168.1.103:5000,2
2019-06-13,http://192.168.1.24,2
2019-06-13,https://1628f42b.ngrok.io,2
2019-06-13,https://eeb9053f.ngrok.io,2
2019-06-13,https://elastic-pike-f6a886.netlify.com,2
2019-06-13,https://epic-kirch-0d81b5.netlify.com,2
2019-06-13,https://condescending-wright-e66128.netlify.com,2
2019-06-13,https://bs.onhoot.com/,2
2019-06-13,https://dhcs.live,2
2019-06-13,https://997e47be.ngrok.io,2
2019-06-13,https://blockstagram.netlify.com,2
2019-06-13,https://hth3-chatroom.serveo.net,1
2019-06-13,https://condescending-bassi-09c89c.netlify.com,1
2019-06-13,https://9054aedc.ngrok.io,1
2019-06-13,https://deploy-preview-7--sigle-app.netlify.com,1
2019-06-13,https://relaxed-albattani-59eaa5.netlify.com,1
2019-06-13,https://upbeat-wing-158214.netlify.com,1
2019-06-13,https://inspiring-minsky-09ac2d.netlify.com,1
2019-06-13,https://laughing-goldstine-172136.netlify.com,1
2019-06-13,https://www.superchatbot.net,1
2019-06-13,https://superchatbot.netlify.com,1
2019-06-13,https://festive-ritchie-b8a7ef.netlify.com,1
2019-06-13,https://foodrover.info,1
2019-06-13,http://lettermesh.com,1
2019-06-13,https://01fd3e11.ngrok.io,1
2019-06-13,https://tbase.dergi-mobapp.com,1
2019-06-13,https://8080-impressassignedalligator.cdr.co,1
2019-06-13,https://9c423bfe.ngrok.io,1
2019-06-13,http://transit8.com,1
2019-06-13,https://simple-mood-tracker-js.firebaseapp.com,1
2019-06-13,https://app.dailyme.ninja,1
2019-06-13,https://deploy-preview-44--stoic-pare-596843.netlify.com,1
2019-06-13,https://sad-wing-43c86c.netlify.com,1
2019-06-13,https://hardcore-aryabhata-0b260e.netlify.com,1
2019-06-13,http://decentralized-contacts.herokuapp.com,1
2019-06-13,http://192.168.86.124:3002,1
2019-06-13,https://determined-mayer-5da20c.netlify.com,1
2019-06-13,https://agitated-blackwell-97bd09.netlify.com,1
2019-06-13,https://app.graphitedocs.com/,1
2019-06-13,http://192.168.1.105:3000,1
2019-06-13,http://www.web.stealthy.im.s3-website-us-west-1.amazonaws.com,1
2019-06-13,https://kind-kilby-ce03ae.netlify.com,1
2019-06-13,http://blocknote.local:4000,1
2019-06-13,https://happy-engelbart-cfe6ff.netlify.com,1
2019-06-13,https://innermatrix.co/:8080,1
2019-06-13,https://6e74214a.ngrok.io,1
2019-06-13,https://10.244.34.11:3010,1
2019-06-13,https://serene-wiles-7b56b6.netlify.com,1
2019-06-13,https://banter-radiks-staging-pr-59.herokuapp.com,1
2019-06-13,https://clove.app,1
2019-06-13,http://dev.qulstamp.com:8080,1
2019-06-13,https://mern-boilerplate-nprgoirfln.now.sh,1
2019-06-13,http://139.59.33.95:8080,1
2019-06-13,https://peaceful-darwin-ee86ae.netlify.com,1
2019-06-13,https://gallant-hugle-48382a.netlify.com,1
2019-06-13,https://suspicious-kirch-b647da.netlify.com,1
2019-06-13,https://jovial-pare-94f4fc.netlify.com,1
2019-06-13,https://loving-swartz-30493b.netlify.com,1
2019-06-13,https://thirsty-kilby-c1050f.netlify.com,1
2019-06-13,https://awesome-ardinghelli-b83e44.netlify.com,1
2019-06-13,https://heuristic-raman-e77b97.netlify.com,1
2019-06-13,https://brave-kilby-d85264.netlify.com,1
2019-06-13,https://goofy-sinoussi-1afc6d.netlify.com,1
2019-06-13,https://gracious-kare-365cd6.netlify.com,1
2019-06-13,https://zen-easley-272102.netlify.com,1
2019-06-13,https://optimistic-spence-214556.netlify.com,1
2019-06-13,https://upbeat-shannon-273936.netlify.com,1
2019-06-13,https://focused-keller-3c0966.netlify.com,1
2019-06-13,https://gracious-sammet-b53d26.netlify.com,1
2019-06-13,https://objective-pare-eb520a.netlify.com,1
2019-06-13,http://157.230.78.12,1
2019-06-13,http://10.196.105.155:8081,1
2019-06-13,https://5cbdc2511a74500007af4367--sigle-app.netlify.com,1
2019-06-13,http://192.168.114.5:8080,1
2019-06-13,https://app.yobi.xyz,1
2019-06-13,https://up-bloco-io.herokuapp.com,1
2019-06-13,https://agent2222.herokuapp.com,1
2019-06-13,http://www.scoge.co,1
2019-06-13,http://scoge.co,1
2019-06-13,https://www.scoge.co,1
2019-06-13,https://nervous-raman-3b79d0.netlify.com,1
2019-06-13,https://thirsty-kepler-e0a138.netlify.com,1
2019-06-13,http://172.16.20.156:3001,1
2019-06-13,http://172.16.20.156:3000,1
2019-06-13,http://192.168.1.100:3000,1
2019-06-13,https://youthful-euclid-b710c6.netlify.com,1
2019-06-13,https://ecstatic-payne-189012.netlify.com,1
2019-06-13,https://titania.netlify.com,1
2019-06-13,https://deploy-preview-28--stoic-pare-596843.netlify.com,1
2019-06-13,http://dev.qulstamp.com:8000,1
2019-06-13,https://eloquent-lovelace-b148f0.netlify.com,1
2019-06-13,https://banter-radiks-staging-pr-39.herokuapp.com,1
2019-06-13,https://clever-blackwell-6f8c4d.netlify.com,1
2019-06-13,https://5c6a3f6e49cd4d0007d290f5--priceless-raman-53e2a8.netlify.com,1
2019-06-13,https://angry-jepsen-50bb19.netlify.com,1
2019-06-13,http://cet.duckdns.org:5000,1
2019-06-13,http://beta.fupio.com,1
2019-06-13,http://fupio.surge.sh,1
2019-06-13,https://kind-stonebraker-397032.netlify.com,1
2019-06-13,https://xor-gtauxdubln.now.sh,1
2019-06-13,https://spa-mat-yuhtmgsjzi.now.sh,1
2019-06-13,http://66.155.106.108:8083,1
2019-06-13,https://deploy-preview-50--stoic-pare-596843.netlify.com,1
2019-06-13,https://5cb629cc1d14790c5a388a97--stoic-pare-596843.netlify.com,1
2019-06-13,https://5c6b0f9bcc2dd40008c67177--priceless-raman-53e2a8.netlify.com,1
2019-06-13,https://5c6b0c3a2c38be0008182009--priceless-raman-53e2a8.netlify.com,1
2019-06-13,http://7671a62b.ngrok.io,1
2019-06-13,https://5c5e451e75652c000864c337--priceless-raman-53e2a8.netlify.com,1
2019-06-13,https://brave-edison-841e6d.netlify.com,1
2019-06-13,https://bs.onhoot.com,1
2019-06-13,http://dev.qulstamp.com:5000,1
2019-06-13,http://coet.local.com,1
2019-06-13,https://upbeat-swartz-1eda7d.netlify.com,1
2019-06-13,http://www.app.referenda.io.s3-website-us-west-2.amazonaws.com,1
2019-06-13,http://0.0.0.0:3000,1
2019-06-13,http://serene-hamilton-56e88e.netlify.com,1
2019-06-13,https://banter-radiks-staging-pr-21.herokuapp.com,1
2019-06-13,https://master--w3b3-26bcfc.netlify.com,1
2019-06-13,http://ee5557cb.ngrok.io,1
2019-06-13,https://hume.brightblock.org,1
2019-06-13,https://mystifying-tesla-0fc17a.netlify.com,1
2019-06-13,http://staging.keeperprofiles.appspot.com,1
2019-06-13,https://dshare-blockstack.herokuapp.com/,1
2019-06-13,https://8a70acfd.ngrok.io,1
2019-06-13,http://devsite.rethink.ws,1
2019-06-13,https://www.detrade.me,1
2019-06-13,http://7f5aa0eb.ngrok.io,1
2019-06-13,https://5c5df82655719d0007a4a9eb--priceless-raman-53e2a8.netlify.com,1
2019-06-13,https://e1006b6e.ngrok.io,1
2019-06-13,https://www.pgeon.com,1
2019-06-13,https://boom.money,1
2019-06-13,https://zen-yonath-540268.netlify.com,1
2019-06-13,https://5c5e0a743c720f00085db898--priceless-raman-53e2a8.netlify.com,1
2019-06-13,https://www.blockstackboard.org,1
2019-06-13,https://2e3eafe8.ngrok.io,1
2019-06-13,https://objective-visvesvaraya-730aa4.netlify.com,1
2019-06-13,http://127.0.0.1:45733,1
2019-06-13,https://mystifying-hamilton-2ce7ad.netlify.com,1
2019-06-13,https://elastic-dijkstra-9f34ef.netlify.com,1
2019-06-13,https://confident-mayer-136514.netlify.com,1
2019-06-13,https://pedantic-keller-f32160.netlify.com,1
2019-06-13,https://pressuredev.carolkng.com,1
2019-06-13,http://18.136.106.179:5000,1
2019-06-13,https://hopeful-noether-0883fc.netlify.com,1
2019-06-13,https://goofy-carson-42054b.netlify.com,1
2019-06-13,https://banter-radiks-staging-pr-19.herokuapp.com,1
2019-06-13,http://35.231.45.59:1800,1
2019-06-13,http://5694b2a3.ngrok.io,1
2019-06-13,https://6c3974c9.ngrok.io,1
2019-06-13,https://animal-kingdom-lh.netlify.com,1
2019-06-13,https://5c6a46485463d50009952472--priceless-raman-53e2a8.netlify.com,1
2019-06-13,http://127.0.0.1:44095,1
2019-06-13,https://banter-radiks.herokuapp.com,1
2019-06-13,http://tribe-chat.herokuapp.com,1
2019-06-13,https://peaceful-snyder-f4170a.netlify.com,1
2019-06-13,https://deploy-preview-14--priceless-raman-53e2a8.netlify.com,1
2019-06-13,https://agitated-meitner-876cf1.netlify.com,1
2019-06-13,https://upbeat-dijkstra-7ac114.netlify.com,1
2019-06-13,https://detrade.me,1
2019-06-13,https://practical-saha-e1696e.netlify.com,1
2019-06-13,https://jovial-carson-8af6dd.netlify.com,1
2019-06-13,http://10.39.35.51:8080,1
2019-06-13,https://app.blockvault.site,1
2019-06-13,https://onedate-pp32q7hpm.now.sh,1
2019-06-13,https://eaf90f2a.ngrok.io,1
2019-06-13,http://172.26.128.150:3000,1
2019-06-13,https://kind-hypatia-5d71d5.netlify.com,1
2019-06-13,https://paidapp-nfuxyavd3.now.sh,1
2019-06-13,https://dazzling-mclean-3dd6e2.netlify.com,1
2019-06-13,https://192.168.0.24:8080,1
2019-06-13,https://dreamy-noether-0952b6.netlify.com,1
2019-06-13,https://mypublickey.ngrok.io,1
2019-06-13,http://dev.clove.app,1
2019-06-13,https://elastic-ride-40df93.netlify.com,1
2019-06-13,https://18.222.91.187:8012,1
2019-06-13,https://greeninja.dynu.net,1
2019-06-13,https://admiring-swanson-d6051c.netlify.com,1
2019-06-13,https://5c5e06dc03cfb90008316894--priceless-raman-53e2a8.netlify.com,1
2019-06-13,http://chat.postly.co,1
2019-06-13,http://9e110ec9.ngrok.io,1
2019-06-13,https://upbeat-ardinghelli-6fc491.netlify.com,1
2019-06-13,http://66.155.106.108,1
2019-06-13,http://127.0.0.1:3001,1
2019-06-13,https://zealous-villani-bb5378.netlify.com,1
2019-06-13,http://www.test.stealthy.im,1
2019-06-13,https://priceless-villani-361d65.netlify.com,1
2019-06-13,https://staging--friendly-hoover-6d2b94.netlify.com,1
2019-06-13,https://youthful-heyrovsky-64ec1e.netlify.com,1
2019-06-13,https://cranky-johnson-2c97c4.netlify.com,1
2019-06-13,https://dailyme.ninja,1
2019-06-13,https://zealous-cray-e48eb6.netlify.com,1
2019-06-13,https://deploy-preview-36--stoic-pare-596843.netlify.com,1
2019-06-13,https://banter-radiks-pr-17.herokuapp.com,1
2019-06-13,https://scoge-agent.herokuapp.com,1
2019-06-13,https://fupio-com.firebaseapp.com,1
2019-06-13,https://1f9a168f.ngrok.io,1
2019-06-13,https://trusting-bell-22c21a.netlify.com,1
2019-06-13,https://vigilant-bohr-228d87.netlify.com,1
2019-06-13,https://clove-app-xxlveldvjp.now.sh,1
2019-06-13,https://a43c84c7.ngrok.io,1
2019-06-13,https://up.bloco.io,1
2019-06-13,https://www.test.stealthy.im,1
2019-06-13,https://5c5dfe0755719d0007a4b60e--priceless-raman-53e2a8.netlify.com,1
2019-06-13,https://banter-radiks-staging-pr-48.herokuapp.com,1
2019-06-13,https://2e5d98de.ngrok.io,1
2019-06-13,https://omnikey-mike-borghi.c9users.io,1
2019-06-13,https://browser.blockstack.org/,1
2019-06-13,https://elegant-almeida-a3c7da.netlify.com,1
2019-06-13,https://deploy-preview-21--stoic-pare-596843.netlify.com,1
2019-06-13,https://test.unpublished.app,1
2019-06-13,http://stealthy.im,1
2019-06-13,https://torrentsearchninja.com,1
2019-06-13,https://simple-pwa-1.firebaseapp.com,1
2019-06-13,http://mbusa-blockstack.ngrok.io,1
2019-06-13,http://169.254.204.120:3000,1
2019-06-13,https://cryptokickz.net,1
2019-06-13,http://www.test.stealthy.im.s3-website-us-west-2.amazonaws.com,1
2019-06-13,https://laughing-euclid-96c31c.netlify.com,1
2019-06-13,https://v1.unpublished.app,1
2019-06-13,https://spa-mat-dbzurisyie.now.sh,1
2019-06-13,https://www.postly.co,1
2019-06-13,https://5c6a31c57cf4c1000bf8b8e8--priceless-raman-53e2a8.netlify.com,1
2019-06-13,https://blockstack.nitinkhanna.com,1
2019-06-13,https://10.244.52.213:3048,1
2019-06-13,https://brave-lumiere-27e09d.netlify.com,1
2019-06-13,https://banter-radiks-staging-pr-30.herokuapp.com,1
2019-06-13,https://zinc.work,1
2019-06-13,https://clove-app-flkvxkdndm.now.sh,1
2019-06-13,https://xenodochial-perlman-eda622.netlify.com,1
2019-06-13,https://blockusign.co/,1
2019-06-13,https://pensive-fermat-b94acf.netlify.com,1
2019-06-13,https://5c5f6d3f8864270008ab228b--priceless-raman-53e2a8.netlify.com,1
2019-06-13,https://sad-khorana-87bc92.netlify.com,1
2019-06-13,https://5c40b0703ab7e400092a61eb--goofy-wiles-965268.netlify.com,1
2019-06-13,https://vibrant-kepler-d582a6.netlify.com,1
2019-06-13,https://app.block-photos.com,1
2019-06-13,https://blocksignal.netlify.com,1
2019-06-13,https://admiring-colden-396cb2.netlify.com,1
2019-06-13,https://5cf5e30ba559c7cfde8756b0--youthful-noether-31a48c.netlify.com,1
2019-06-13,https://b08b1bb6.ngrok.io,1
2019-06-13,https://3bddf77f.ngrok.io,1
2019-06-13,https://7b515cde.ngrok.io,1
2019-06-13,https://b5425d9a.ngrok.io,1
2019-06-13,https://b190090e.ngrok.io,1
2019-06-13,https://deploy-preview-29--stoic-pare-596843.netlify.com,1
2019-06-13,https://infallible-thompson-eb3211.netlify.com,1
2019-06-13,https://joshuaclarkwmtp.bitbucket.io,1
2019-06-13,https://5cfa4c8eab7e6502022b49d7--stoic-tereshkova-d0d003.netlify.com,1
2019-06-13,https://infallible-goldberg-0bcb2c.netlify.com,1
2019-06-13,https://5cfa558c70f9c300077b4a9d--stoic-tereshkova-d0d003.netlify.com,1
2019-06-13,https://stoic-tereshkova-d0d003.netlify.com,1
2019-06-13,https://pensive-franklin-722e41.netlify.com,1
2019-06-13,https://stoic-leavitt-d86356.netlify.com,1
2019-06-13,http://publish2-dev.aws.mbusa.com:4503,1
2019-06-13,https://hardcore-noether-3f52ec.netlify.com,1
2019-06-13,https://cranky-carson-208ad5.netlify.com,1
2019-06-13,https://cineflick-frontend-dot-cineflick.appspot.com,1
2019-06-13,https://2fd4fefc.ngrok.io,1
2019-06-13,https://jolly-kowalevski-fdf8af.netlify.com,1
2019-06-13,https://trusting-clarke-973b40.netlify.com,1
2019-06-13,https://localblockstack.net,1
2019-06-13,https://www.keeperprofiles.appspot.com,1
2019-06-13,https://www.bringyourown.id,1
2019-06-13,http://192.168.120.142:3000,1
2019-06-13,http://aodh.xyz,1
2019-06-13,http://192.168.137.130:3000,1
2019-06-13,https://xenodochial-hodgkin-c6ddc8.netlify.com,1
2019-06-13,https://5c406bc0ce8674270dc6c880--charlie-allison.netlify.com,1
2019-06-13,https://cocky-kepler-6cfe0b.netlify.com,1
2019-06-13,https://nervous-shirley-f86e21.netlify.com,1
2019-06-13,https://romantic-wright-331655.netlify.com,1
2019-06-13,https://185.85.16.242,1
2019-06-13,https://pedantic-nobel-465248.netlify.com,1
2019-06-13,https://deploy-preview-51--stoic-pare-596843.netlify.com,1
2019-06-13,https://sharp-fermi-ec89a5.netlify.com,1
2019-06-13,https://bottle.li,1
2019-06-13,https://qulstamp-iatanajode.now.sh,1
2019-06-13,https://kind-hypatia-0944ae.netlify.com,1
2019-06-13,https://gracious-archimedes-72c6ff.netlify.com,1
2019-06-13,https://animal-kingdom-tutorial.netlify.com,1
2019-06-13,http://18.222.91.187:8001,1
2019-06-13,http://169.254.245.43:8080,1
2019-06-13,https://vigorous-tesla-487f04.netlify.com,1
2019-06-13,https://updoot.org,1
2019-06-13,https://www.milalabs.org,1
2019-06-13,https://voetjobs.eu,1
2019-06-13,https://eloquent-shockley-791c49.netlify.com,1
2019-06-13,https://dev-graphite.mandelbot.io,1
2019-06-13,https://amazing-williams-2ce016.netlify.com,1
2019-06-13,http://127.0.0.1:1234,1
2019-06-13,http://192.168.56.1:3000,1
2019-06-13,https://cocky-lumiere-b6a632.netlify.com,1
2019-06-13,https://artus.github.io,1
2019-06-13,https://www.charlie-allison.com,1
2019-06-13,https://piklink-develop.netlify.com,1
2019-06-13,https://flamboyant-mcclintock-4de757.netlify.com,1
2019-06-13,https://wizardly-volhard-6eb234.netlify.com,1
2019-06-13,https://fantasykingdoms.netlify.com,1
2019-06-13,http://fcf832a0.ngrok.io,1
2019-06-13,https://note.riot.ai,1
2019-06-13,https://animalkingdom.djnicholson.com,1
2019-06-13,https://moneylog.app,1
2019-06-13,https://reverent-pasteur-a4900c.netlify.com,1
2019-06-13,https://app.encryptmyphotos.com,1
2019-06-13,https://diffuse.sh,1
2019-06-13,https://hopeful-booth-6cfd63.netlify.com,1
2019-06-13,https://twoblocks.leopradel.com,1
2019-06-13,https://rocketchat.blockstack.systems,1
2019-06-13,https://utilo.co,1
2019-06-13,https://blissful-ritchie-93c4b6.netlify.com,1
2019-06-13,https://5cb636f842e39b31fa40b051--stoic-pare-596843.netlify.com,1
2019-06-13,https://client-syd.netlify.com,1
2019-06-13,https://deploy-preview-32--stoic-pare-596843.netlify.com,1
2019-06-13,https://5ce6f9689d249e017f9753fc--boring-ptolemy-819fbc.netlify.com,1
2019-06-13,https://2db61b4c.ngrok.io,1
2019-06-13,https://ecstatic-villani-53a36d.netlify.com,1
2019-06-13,https://xorchat-ad0c1.firebaseapp.com,1
2019-06-13,https://condescending-yonath-28ff9c.netlify.com,1
2019-06-13,https://vigorous-mirzakhani-50318c.netlify.com,1
2019-06-13,https://romantic-perlman-5483a9.netlify.com,1
2019-06-13,https://simba-ucefkh.c9users.io,1
2019-06-13,https://hungry-edison-8083d3.netlify.com,1
2019-06-13,https://wt-c0c4a39020d4e9619a8996325cdfa5dc-0.sandbox.auth0-extend.com,1
2019-06-13,https://fervent-tesla-6d48d7.netlify.com,1
2019-06-13,https://www.emilytlam.com,1
2019-06-13,https://nervous-hamilton-b8d9e6.netlify.com,1
2019-06-13,https://hopeful-aryabhata-30e1d0.netlify.com,1
2019-06-13,https://www.aodh.xyz,1
2019-06-13,https://d1ae800c.ngrok.io,1
2019-06-13,https://www.predictoapp.com,1
2019-06-13,https://onedate.now.sh,1
2019-06-13,https://stackarius.blockexperiment.com,1
2019-06-13,https://block.iwanether.now.sh,1
2019-06-13,https://sharp-bhabha-8fdd4c.netlify.com,1
2019-06-13,https://4108d8f9.ngrok.io,1
2019-06-13,https://affectionate-curie-90fb50.netlify.com,1
2019-06-13,https://focused-roentgen-9b4d74.netlify.com,1
2019-06-13,http://127.0.0.1:8081,1
2019-06-13,https://modest-yalow-9aa5aa.netlify.com,1
2019-06-13,https://ec259fcb.ngrok.io,1
2019-06-13,http://127.0.0.1:5500,1
2019-06-13,https://boring-borg-980465.netlify.com,1
2019-06-13,https://heuristic-franklin-f1ad06.netlify.com,1
2019-06-13,https://ab7b5b7d.ngrok.io,1
2019-06-13,https://condescending-curie-b23195.netlify.com,1
2019-06-13,https://5720c4a6.ngrok.io,1
2019-06-13,https://d21babfc.ngrok.io,1
2019-06-13,https://login.blockcred.io,1
2019-06-13,https://8cfe58bd.ngrok.io,1
2019-06-13,https://objective-stonebraker-c8ebf9.netlify.com,1
2019-06-13,https://goofy-hugle-1c7113.netlify.com,1
2019-06-13,https://keen-lovelace-72d428.netlify.com,1
2019-06-13,https://serene-thompson-70dfae.netlify.com,1
2019-06-13,https://thirsty-jang-0c0a17.netlify.com,1
2019-06-13,https://musing-almeida-1046f1.netlify.com,1
2019-06-13,http://192.168.68.84:3000,1
2019-06-13,http://vps666517.ovh.net:3000,1
2019-06-13,https://loving-poincare-0faf18.netlify.com,1
2019-06-13,https://hubber.brightblock.org,1
2019-06-13,https://affectionate-jang-749b1b.netlify.com,1
2019-06-13,https://health-chain.appspot.com,1
2019-06-13,http://mk.id.blockstack.personal.lh,1
2019-06-13,https://gitstack.netlify.com,1
2019-06-13,https://deploy-preview-41--stoic-pare-596843.netlify.com,1
2019-06-13,https://epic-rosalind-e579e6.netlify.com,1
2019-06-13,https://modest-chandrasekhar-0e9f62.netlify.com,1
2019-06-13,https://ac9ccfd4.ngrok.io,1
2019-06-13,https://keen-raman-0cdc26.netlify.com,1
2019-06-13,https://quirky-bassi-182eff.netlify.com,1
2019-06-13,https://stoic-hawking-dd2218.netlify.com,1
2019-06-13,https://cranky-spence-eef5f8.netlify.com,1
2019-06-13,https://naughty-kepler-8109fe.netlify.com,1
2019-06-13,https://630e7177.ngrok.io,1
2019-06-13,https://confident-northcutt-143b95.netlify.com,1
2019-06-13,https://develop--block-photos.netlify.com,1
2019-06-13,https://blockgram.netlify.com,1
2019-06-13,https://hungry-wright-08dca3.netlify.com,1
2019-06-13,http://192.168.130.37:3000,1
2019-06-13,https://notes.thisismydomain.life,1
2019-06-13,https://piklink-staging.netlify.com,1
2019-06-13,https://goofy-agnesi-ab18b9.netlify.com,1
2019-06-13,http://172.17.56.161:3000,1
2019-06-13,https://boring-allen-0b1328.netlify.com,1
2019-06-13,http://blockstack-animal-kingdom.surge.sh,1
2019-06-13,https://8f1a1e87.ngrok.io,1
2019-06-13,https://540ed3b6.ngrok.io,1
2019-06-13,http://10.39.105.62:4005,1
2019-06-13,https://kind-mccarthy-fd123f.netlify.com,1
2019-06-13,https://sad-gates-18e46b.netlify.com,1
2019-06-13,https://world-needs-animals.netlify.com,1
2019-06-13,http://10.0.0.212:8080,1
2019-06-13,https://trusting-kirch-492433.netlify.com,1
2019-06-13,https://4d2381e2.ngrok.io,1
2019-06-13,https://optimistic-kepler-bb37b2.netlify.com,1

